id;street_address;postal_code;city;province
1;Books;Handcrafted;North Anderson;green
2;payment;Central motivating;West Tyree;web mobile
3;Buckinghamshire COM;line withdrawal;Port Eleonore;Handcrafted Avon
4;Island Bacon;Republic;Howehaven;Designer Liaison Representative
5;synergize;Ukraine;Port Charityville;Checking Analyst
6;pink payment Rapids;Chair;Trantowchester;Strategist back-end TCP
7;generating Avon Fish;Manager static;West Jerodhaven;Personal framework
8;EXE time-frame;programming relationships;Lake Anikaton;back Leone
9;scalable;Locks Managed;Gleichnermouth;Chile
10;connecting;Fresh;Apex;invoice
